"Experiment","Run","Number","Feature","Margs","Margs..S4.32.Feature1.troot.x4.x4..1.S4.32.Feature2.x2.x4.0.982607409415272.S4.32.Feature3.x4.0.100633756680082.S4.32.Feature4.x5.0.0892504291746703.S4.32.Feature5.x4.x6.0.0179087434483708.S5.32.Feature1.troot.x4.x4..0.999994805032588.S5.32.Feature2.x4.0.999374371671173.S5.32.Feature3.x4.x9.0.839862507379332.S5.32.Feature4.x4.x4.0.166584207015835.S5.32.Feature5.x10.x4.0.163091295976507.S6.32.Feature1.x4.1.S6.32.Feature2.x10.x4.0.999999999410585.S6.32.Feature3.x4.troot.x4..0.999999976052129..Experiment.Run.Number.Feature.Margs"
"S1",1,"Feature1","troot(x4*x4)",1,NA
"S1",1,"Feature2","x4*x2",0.99999662692371,NA
"S2",1,"Feature1","troot((x7*x4)*x4)",1,NA
"S2",1,"Feature2","x4",0.176603374292635,NA
"S2",1,"Feature3","x7",0.0178937722095366,NA
"S3",1,"Feature1","x4",1,NA
"S3",1,"Feature2","troot(x4)*x4",1,NA
"S3",1,"Feature3","x10*x4",0.999999997412337,NA
"S3",1,"Feature4","x8",0.0726754300288509,NA
"S4",1,"Feature1","troot(x4*x4)",0.999998673016721,NA
"S4",1,"Feature2","x4*x2",0.962080823496506,NA
"S4",1,"Feature3","x9",0.0915308323698932,NA
"S4",1,"Feature4","x9*x4",0.0308649221466842,NA
"S4",1,"Feature5","x4",0.0308605122042835,NA
"S4",1,"Feature6","x4*x8",0.00711419410637222,NA
"S4",1,"Feature7","x6",0.00544986388972782,NA
"S4",1,"Feature8","x10",0.00530472078538164,NA
"S4",1,"Feature9","x8",0.00192948478939341,NA
"S5",1,"Feature1","troot(x4)*troot(x4)",0.999999998998427,NA
"S5",1,"Feature2","x4*x6",0.999996496347122,NA
"S5",1,"Feature3","x4",0.988182042545756,NA
"S5",1,"Feature4","x6",0.253967673008316,NA
"S5",1,"Feature5","x10",0.205524428922251,NA
"S5",1,"Feature6","x2",0.172896214674479,NA
"S5",1,"Feature7","troot(x4)",0.071449195692901,NA
"S5",1,"Feature8","x4*x4",0.0135924823551723,NA
"S6",1,"Feature1","troot((x4*x4)*x7)",1,NA
"S6",1,"Feature2","x4",0.161830365362674,NA
"S6",1,"Feature3","x7",0.0994902451733645,NA
"S1",2,"Feature1","troot(x4*x4)",1,NA
"S1",2,"Feature2","x2*x4",0.999979857980012,NA
"S1",2,"Feature3","x3",0.0988441592213392,NA
"S1",2,"Feature4","x1",0.0720257124578069,NA
"S1",2,"Feature5","x4",0.0710917305175353,NA
"S1",2,"Feature6","x8",0.0592874537836364,NA
"S2",2,"Feature1","troot(x4*(x4*x7))",1,NA
"S2",2,"Feature2","x4",0.164930112304027,NA
"S2",2,"Feature3","x6",0.148437527975559,NA
"S2",2,"Feature4","x7",0.0948330554285641,NA
"S2",2,"Feature5","x1",0.0111527660113353,NA
"S3",2,"Feature1","troot(x4*x4)",0.999999999999999,NA
"S3",2,"Feature2","x2*x4",0.984397811060878,NA
"S3",2,"Feature3","x4",0.0918151182531447,NA
"S3",2,"Feature4","x9",0.0846372313466342,NA
"S3",2,"Feature5","x4*x7",0.0156437688993231,NA
"S4",2,"Feature1","troot((x4*x7)*x4)",1,NA
"S4",2,"Feature2","x4",0.15807215879903,NA
"S4",2,"Feature3","x7",0.120421218866216,NA
"S4",2,"Feature4","x10",0.0238439195565653,NA
"S5",2,"Feature1","troot(x4*x4)",1,NA
"S5",2,"Feature2","x2*x4",0.982308433826443,NA
"S5",2,"Feature3","x2",0.167087190534205,NA
"S5",2,"Feature4","x4",0.0937891758511855,NA
"S5",2,"Feature5","x5",0.0679777727716669,NA
"S5",2,"Feature6","x1",0.0541030470975129,NA
"S5",2,"Feature7","x4*x8",0.0182835467682439,NA
"S6",2,"Feature1","x2*x4",0.999999994598898,NA
"S6",2,"Feature2","troot(x4*x4)",0.999775114853501,NA
"S6",2,"Feature3","x4",0.0847353775362882,NA
"S1",3,"Feature1","troot(x4*(x6*x4))",1,NA
"S1",3,"Feature2","x2",0.356382104039146,NA
"S1",3,"Feature3","x6",0.145823730090275,NA
"S1",3,"Feature4","x4",0.057068962810563,NA
"S2",3,"Feature1","troot((x7*x4)*x4)",1,NA
"S2",3,"Feature2","x4",0.164378806781486,NA
"S2",3,"Feature3","x6",0.141689366918397,NA
"S2",3,"Feature4","p0(x8)",0.00238010542320209,NA
"S3",3,"Feature1","x4",1,NA
"S3",3,"Feature2","troot(x4)*x4",0.999999999873347,NA
"S3",3,"Feature3","x10*x4",0.998589017285581,NA
"S3",3,"Feature4","x8",0.0727159633304103,NA
"S3",3,"Feature5","(x4*x8)*x4",0.00142358612382371,NA
"S4",3,"Feature1","x4",1,NA
"S4",3,"Feature2","x4*troot(x4)",0.999999999584868,NA
"S4",3,"Feature3","x10*x4",0.99994454010983,NA
"S4",3,"Feature4","x2",0.299363994310292,NA
"S4",3,"Feature5","x7",0.0929157901251868,NA
"S5",3,"Feature1","troot(x4*x4)",1,NA
"S5",3,"Feature2","x2*x4",0.995328640580355,NA
"S5",3,"Feature3","x10",0.146379981676613,NA
"S5",3,"Feature4","x7",0.131727370588029,NA
"S5",3,"Feature5","x2",0.127110846156533,NA
"S5",3,"Feature6","x5",0.0979593930007167,NA
"S5",3,"Feature7","x4",0.0493065979854743,NA
"S5",3,"Feature8","x8",0.0424093266902719,NA
"S5",3,"Feature9","x3",0.00921531895375466,NA
"S5",3,"Feature10","x8*x4",0.00470762022550465,NA
"S6",3,"Feature1","troot(x4*x4)",1,NA
"S6",3,"Feature2","x4*x2",0.957732349911035,NA
"S6",3,"Feature3","x5",0.09631639755485,NA
"S6",3,"Feature4","x3*x4",0.0433961575404628,NA
"S6",3,"Feature5","x4",0.00784490567083864,NA
"S2",4,"Feature1","troot((x7*x4)*x4)",1,NA
"S2",4,"Feature2","x2",0.259653441337075,NA
"S2",4,"Feature3","exp_dbl(x10)",0.00438027639478875,NA
"S3",4,"Feature1","x4",0.999999999993015,NA
"S3",4,"Feature2","p0(x4)*x4",0.999977291008152,NA
"S3",4,"Feature3","x7*x4",0.877771084808408,NA
"S3",4,"Feature4","x7",0.183277060532024,NA
"S3",4,"Feature5","(x3*x4)*x4",0.122244158455012,NA
"S3",4,"Feature6","x5",0.00691444675015033,NA
"S3",4,"Feature7","p0(x4)",0.00135242065894274,NA
"S4",4,"Feature1","x4",1,NA
"S4",4,"Feature2","x4*troot(x4)",0.999999999784661,NA
"S4",4,"Feature3","x4*x10",0.999992764891164,NA
"S4",4,"Feature4","x2",0.228026245227152,NA
"S4",4,"Feature5","sin_deg(x7)",0.00186983094795653,NA
"S4",4,"Feature6","x6*x4",0.00138140306106539,NA
"S4",4,"Feature7","troot(x4)",0.0011256852554398,NA
"S4",4,"Feature8","x4*x4",0.00103593811259061,NA
"S5",4,"Feature1","x4",1,NA
"S5",4,"Feature2","x4*p0(x4)",1,NA
"S5",4,"Feature3","(x2*x4)*x10",0.913859346074348,NA
"S5",4,"Feature4","x6",0.215921701164414,NA
"S5",4,"Feature5","x7",0.200523077604595,NA
"S5",4,"Feature6","x10",0.151680292067271,NA
"S5",4,"Feature7","p3(x4)",0.0871543233041492,NA
"S5",4,"Feature8","x2*x4",0.0860016294037576,NA
"S6",4,"Feature1","troot(x4*(x4*x6))",1,NA
"S6",4,"Feature2","x4",0.0998598577030657,NA
"S1",5,"Feature1","x4*x2",0.999958563098488,NA
"S1",5,"Feature2","troot(x4*x4)",0.999853330860896,NA
"S1",5,"Feature3","x4",0.0847341890717281,NA
"S2",5,"Feature1","x4",1,NA
"S2",5,"Feature2","x4*troot(x4)",0.999999999999884,NA
"S2",5,"Feature3","x10*x4",0.999999206718868,NA
"S2",5,"Feature4","x2",0.187008510051023,NA
"S2",5,"Feature5","x7",0.17906565756756,NA
"S2",5,"Feature6","p3(x4)",0.00214482481910202,NA
"S3",5,"Feature1","troot(x4*(x4*x7))",0.999277382657248,NA
"S3",5,"Feature2","x4",0.159956157790878,NA
"S3",5,"Feature3","p0(x4)",0.0226899805122574,NA
"S3",5,"Feature4","troot(x4)",0.0049636241704571,NA
"S3",5,"Feature5","x4*x7",0.00123583636926689,NA
"S3",5,"Feature6","x4*x6",0.00111905120960124,NA
"S4",5,"Feature1","x4*x3",0.99999582739552,NA
"S4",5,"Feature2","troot(x4*x4)",0.999995483031663,NA
"S4",5,"Feature3","x4",0.155637368217093,NA
"S5",5,"Feature1","troot(x4*x4)",1,NA
"S5",5,"Feature2","x2*x4",0.99355928233935,NA
"S5",5,"Feature3","x4",0.0846999346771684,NA
"S5",5,"Feature4","x2*(x4*x7)",0.00657037730512785,NA
"S6",5,"Feature1","x4",1,NA
"S6",5,"Feature2","x10*x4",0.999999999998006,NA
"S6",5,"Feature3","x4*troot(x4)",0.999999999215258,NA
"S6",5,"Feature4","x1",0.0728149313126972,NA
"S6",5,"Feature5","x5",0.00322220620271793,NA
"S6",5,"Feature6","x9",0.00322220315960943,NA
"S6",5,"Feature7","p3(x4)",0.00322220235936838,NA
"S1",6,"Feature1","troot(x4*x4)",1,NA
"S1",6,"Feature2","x4*x2",1,NA
"S1",6,"Feature3","x9",0.093510286638069,NA
"S1",6,"Feature4","x4",0.0848279662035983,NA
"S1",6,"Feature5","p0(x4)",0.00381222591795417,NA
"S1",6,"Feature6","x6*x6",0.00175689651528357,NA
"S2",6,"Feature1","troot(x7*(x4*x4))",1,NA
"S2",6,"Feature2","x2",0.260353304713686,NA
"S3",6,"Feature1","troot((x7*x4)*x4)",0.998159666722723,NA
"S3",6,"Feature2","x4",0.14939673640617,NA
"S3",6,"Feature3","x1",0.0616949754368541,NA
"S3",6,"Feature4","p0(x4)",0.0214530882297967,NA
"S3",6,"Feature5","x8*x4",0.00239879981718974,NA
"S3",6,"Feature6","troot(x4*x4)",0.00184329153446404,NA
"S4",6,"Feature1","troot(x4*x4)",0.999999775589496,NA
"S4",6,"Feature2","x4*x2",0.999999775589482,NA
"S4",6,"Feature3","x6",0.214174008628707,NA
"S4",6,"Feature4","x8",0.056321945006467,NA
"S6",6,"Feature1","troot(x4*x4)",1,NA
"S6",6,"Feature2","x4*x2",0.993560590849681,NA
"S6",6,"Feature3","x2",0.207008966767558,NA
"S6",6,"Feature4","x8",0.0147806858113595,NA
"S6",6,"Feature5","(x6*x4)*x2",0.00637626263366004,NA
"S1",7,"Feature1","troot(x4*x4)",1,NA
"S1",7,"Feature2","x4*x2",0.999999556292765,NA
"S1",7,"Feature3","x2",0.199493579982065,NA
"S1",7,"Feature4","x3",0.121165582800824,NA
"S1",7,"Feature5","x4",0.0826898645681318,NA
"S2",7,"Feature1","troot(x4*x4)",1,NA
"S2",7,"Feature2","x2*x4",0.999936870506794,NA
"S2",7,"Feature3","x4",0.0846130252141455,NA
"S3",7,"Feature1","troot(x4*x4)",0.999999999999993,NA
"S3",7,"Feature2","x4",0.997180605094555,NA
"S3",7,"Feature3","x9*x4",0.502848669539195,NA
"S3",7,"Feature4","x7*x4",0.496479994129625,NA
"S3",7,"Feature5","(x7*x4)*x7",0.00371889313888387,NA
"S4",7,"Feature1","troot(x4*x4)",1,NA
"S4",7,"Feature2","x4*x2",0.999999999999991,NA
"S4",7,"Feature3","x6",0.260140289047563,NA
"S4",7,"Feature4","x2",0.226249275548237,NA
"S4",7,"Feature5","x4",0.0855153600839723,NA
"S5",7,"Feature1","x4",1,NA
"S5",7,"Feature2","x4*p0(x4)",0.999999999964859,NA
"S5",7,"Feature3","(x4*x10)*x3",0.907504796537806,NA
"S5",7,"Feature4","x4*x10",0.0717048364127083,NA
"S5",7,"Feature5","p3(x4)",0.0708726833582417,NA
"S5",7,"Feature6","x2*(x4*x4)",0.0213745401376468,NA
"S6",7,"Feature1","x2*x4",1,NA
"S6",7,"Feature2","troot(x4*x4)",1,NA
"S6",7,"Feature3","x9",0.0942784878711932,NA
"S6",7,"Feature4","x4",0.0853368225336831,NA
"S6",7,"Feature5","x1",0.0719021073161077,NA
"S1",8,"Feature1","x4",0.99999994780249,NA
"S1",8,"Feature2","x4*p0(x4)",0.968505518454851,NA
"S1",8,"Feature3","x10*(x4*x2)",0.817514212874611,NA
"S1",8,"Feature4","x9*x4",0.132474708157922,NA
"S1",8,"Feature5","x10*x4",0.0637712168824193,NA
"S1",8,"Feature6","x4*x2",0.0470497834115653,NA
"S1",8,"Feature7","x4*p0(p0(x4))",0.0314945467995724,NA
"S1",8,"Feature8","x10",0.0218765608143558,NA
"S1",8,"Feature9","x4*(x4*x3)",0.00975970384897328,NA
"S2",8,"Feature1","troot((x6*x4)*x4)",1,NA
"S3",8,"Feature1","troot(x4*x4)",1,NA
"S3",8,"Feature2","x4*x2",0.954548847142272,NA
"S3",8,"Feature3","x2",0.193030339979092,NA
"S3",8,"Feature4","x4",0.0859175667536778,NA
"S3",8,"Feature5","x4*x3",0.0465523055641119,NA
"S5",8,"Feature1","troot(x4*x4)",0.999999999999955,NA
"S5",8,"Feature2","x3*x4",0.883163481248681,NA
"S5",8,"Feature3","x4",0.146481227052402,NA
"S5",8,"Feature4","(x6*x4)*x2",0.116982172559638,NA
"S5",8,"Feature5","x1",0.0710308378715677,NA
"S5",8,"Feature6","p3(x4)",0.00132525907605872,NA
"S6",8,"Feature1","x9*x4",1,NA
"S6",8,"Feature2","troot(x4*x4)",1,NA
"S6",8,"Feature3","x4",0.999975622826559,NA
"S6",8,"Feature4","x7",0.167654478360681,NA
"S1",9,"Feature1","troot(x4*(x4*x6))",1,NA
"S1",9,"Feature2","x6",0.111885084489041,NA
"S1",9,"Feature3","x4",0.0887630722065509,NA
"S2",9,"Feature1","troot((x7*x4)*x4)",1,NA
"S2",9,"Feature2","x4",0.161340578608756,NA
"S3",9,"Feature1","x4*p0(x4)",1,NA
"S3",9,"Feature2","x4",1,NA
"S3",9,"Feature3","x4*troot(x10)",0.651833381922853,NA
"S3",9,"Feature4","x6*x4",0.348532695226964,NA
"S3",9,"Feature5","x7",0.287973632142588,NA
"S3",9,"Feature6","p3(x4)",0.174326897932132,NA
"S3",9,"Feature7","x8",0.146709346891753,NA
"S4",9,"Feature1","troot(x4*(x4*x6))",1,NA
"S4",9,"Feature2","x10",0.306851538792561,NA
"S4",9,"Feature3","x4",0.103746966991155,NA
"S4",9,"Feature4","x9",0.0735986918594665,NA
"S5",9,"Feature1","x4",1,NA
"S5",9,"Feature2","p0(p3(x4))*x4",1,NA
"S5",9,"Feature3","p3(x4)",0.938880759224388,NA
"S5",9,"Feature4","x7",0.686981952573797,NA
"S5",9,"Feature5","x10*x4",0.6758857318208,NA
"S5",9,"Feature6","x5",0.616137974307343,NA
"S5",9,"Feature7","x6",0.588442844014945,NA
"S5",9,"Feature8","x8",0.417508116965406,NA
"S5",9,"Feature9","x1",0.388855254870733,NA
"S5",9,"Feature10","x8*x4",0.340838371115571,NA
"S6",9,"Feature1","troot((x4*x4)*x7)",1,NA
"S1",10,"Feature1","troot(x4*x4)",1,NA
"S1",10,"Feature2","x4*x2",0.973230500231764,NA
"S1",10,"Feature3","x6",0.187322954999662,NA
"S1",10,"Feature4","x2",0.148675943683466,NA
"S1",10,"Feature5","x4",0.10152005112221,NA
"S1",10,"Feature6","x1",0.04803423096503,NA
"S1",10,"Feature7","x8*x4",0.0273235613040032,NA
"S2",10,"Feature1","troot(x6*(x4*x4))",0.99999996157339,NA
"S2",10,"Feature2","x7",0.119551735256287,NA
"S3",10,"Feature1","x4",0.999999960602198,NA
"S3",10,"Feature2","x4*p0(x4)",0.999999778890354,NA
"S3",10,"Feature3","x7*x4",0.999313888084899,NA
"S3",10,"Feature4","p3(x4)",0.79716115613565,NA
"S3",10,"Feature5","x7",0.644585412785054,NA
"S3",10,"Feature6","x6",0.434621399715679,NA
"S3",10,"Feature7","x8",0.386857546309541,NA
"S3",10,"Feature8","x3",0.348515968379605,NA
"S3",10,"Feature9","x1",0.25509789155959,NA
"S4",10,"Feature1","troot(x4*x4)",1,NA
"S4",10,"Feature2","x2*x4",0.958490631177184,NA
"S4",10,"Feature3","x4",0.116144211376092,NA
"S4",10,"Feature4","x4*x8",0.0238680367790102,NA
"S4",10,"Feature5","x4*x9",0.0188463860059626,NA
"S4",10,"Feature6","troot(x4)",0.00278065318005904,NA
"S5",10,"Feature1","x4",1,NA
"S5",10,"Feature2","x2*x4",0.996806997338821,NA
"S5",10,"Feature3","p3(x4)",0.969963270991597,NA
"S5",10,"Feature4","x4*x4",0.672740638637283,NA
"S5",10,"Feature5","x9*x4",0.635761759486286,NA
"S5",10,"Feature6","x7",0.627366596859677,NA
"S5",10,"Feature7","x6",0.498037840420941,NA
"S5",10,"Feature8","x3",0.459619034894908,NA
"S5",10,"Feature9","p0(x9*x4)*x4",0.357296003212929,NA
"S5",10,"Feature10","x1",0.341737847943178,NA
"S5",10,"Feature11","x9",0.31375053666327,NA
"S6",10,"Feature1","troot(x4*(x7*x4))",0.999999595134933,NA
"S6",10,"Feature2","x5",0.108763202375487,NA
"S6",10,"Feature3","p0(x4)",0.0260796531266672,NA
"S6",10,"Feature4","x4",0.0192379099442548,NA
"S1",11,"Feature1","x4",1,NA
"S1",11,"Feature2","x4*troot(x4)",0.999999999999594,NA
"S1",11,"Feature3","x10*x4",0.999999995797087,NA
"S1",11,"Feature4","p0(x4)",0.00101149430074313,NA
"S2",11,"Feature1","troot(x4*(x7*x4))",0.999999998748496,NA
"S3",11,"Feature1","x4",1,NA
"S3",11,"Feature2","troot(x4)*x4",1,NA
"S3",11,"Feature3","x4*x10",0.997508939239628,NA
"S3",11,"Feature4","x2",0.187791380406676,NA
"S3",11,"Feature5","x7",0.177172725051487,NA
"S3",11,"Feature6","x4*x6",0.00374254939223877,NA
"S3",11,"Feature7","x4*x4",0.00245977060345484,NA
"S4",11,"Feature1","troot(x4*(x6*x4))",0.999999999999955,NA
"S5",11,"Feature1","x4",0.999860874664596,NA
"S5",11,"Feature2","x6*x4",0.999849951231755,NA
"S5",11,"Feature3","troot(x4*x4)",0.828648512724882,NA
"S5",11,"Feature4","x6",0.237558165383028,NA
"S5",11,"Feature5","x4*p0(x4)",0.171541911673776,NA
"S6",11,"Feature1","troot(x4)*troot(x4)",1,NA
"S6",11,"Feature2","x2*x4",0.999999999980798,NA
"S6",11,"Feature3","x4",0.0847031245713337,NA
"S1",12,"Feature1","x4",0.999999999999544,NA
"S1",12,"Feature2","x4*p0(x4)",0.999999972759705,NA
"S1",12,"Feature3","x4*p0(x10)",0.704581711664838,NA
"S1",12,"Feature4","x9*x4",0.222859930207222,NA
"S1",12,"Feature5","x4*x4",0.123793900723409,NA
"S1",12,"Feature6","x2*x4",0.0888879665056053,NA
"S1",12,"Feature7","x9",0.0760714227143292,NA
"S1",12,"Feature8","x2*x3",0.00201798410550638,NA
"S1",12,"Feature9","(x9*x4)*x8",0.00133138703882287,NA
"S3",12,"Feature1","x4",1,NA
"S3",12,"Feature2","p3(x8*x2)",0.999999999999999,NA
"S3",12,"Feature3","sin_deg(x8*x2)",0.999999999987045,NA
"S3",12,"Feature4","x8*x2",0.999999999987045,NA
"S3",12,"Feature5","x2",0.999166012491904,NA
"S3",12,"Feature6","x2*x10",0.999080402136151,NA
"S3",12,"Feature7","p3(x2)",0.999080326399547,NA
"S3",12,"Feature8","x3",0.978287423646514,NA
"S3",12,"Feature9","x10",0.514022893535831,NA
"S3",12,"Feature10","x6",0.328684664120169,NA
"S3",12,"Feature11","x8",0.0962467795080143,NA
"S4",12,"Feature1","troot((x4*x6)*x4)",0.507282136963496,NA
"S4",12,"Feature2","troot((x4*x7)*x4)",0.492717874677698,NA
"S4",12,"Feature3","x2",0.308258236840724,NA
"S4",12,"Feature4","x8",0.0381704365136554,NA
"S5",12,"Feature1","troot(x4*x4)",0.999999999999452,NA
"S5",12,"Feature2","x2*x4",0.967449571724189,NA
"S5",12,"Feature3","x4",0.105779019298139,NA
"S5",12,"Feature4","x3",0.104005516670135,NA
"S5",12,"Feature5","x9*x4",0.0180653374283616,NA
"S5",12,"Feature6","x4*x7",0.0155336436033344,NA
"S5",12,"Feature7","exp_dbl(x4)",0.00134849467395273,NA
"S6",12,"Feature1","troot(x4*x4)",1,NA
"S6",12,"Feature2","x4*x2",0.978095797934966,NA
"S6",12,"Feature3","x4",0.108270901895294,NA
"S6",12,"Feature4","x5",0.108118077579202,NA
"S6",12,"Feature5","x4*x7",0.02207582922188,NA
"S6",12,"Feature6","x10",0.0203324878133404,NA
"S6",12,"Feature7","x8",0.0118682871974247,NA
"S1",13,"Feature1","troot((x4*x7)*x4)",1,NA
"S1",13,"Feature2","x4",0.16124411167642,NA
"S1",13,"Feature3","x7",0.099050376338274,NA
"S1",13,"Feature4","troot(x4)",0.00458916731439435,NA
"S2",13,"Feature1","x4*x2",0.999999999985121,NA
"S2",13,"Feature2","troot(x4*x4)",0.999999950494344,NA
"S2",13,"Feature3","x4",0.078598361720953,NA
"S2",13,"Feature4","x8",0.0719478263123663,NA
"S2",13,"Feature5","x5",0.00640756341671131,NA
"S3",13,"Feature1","troot(x4)*troot(x4)",1,NA
"S3",13,"Feature2","x2*x4",0.956470211669473,NA
"S3",13,"Feature3","x2",0.169406900908015,NA
"S3",13,"Feature4","x10",0.167641033491643,NA
"S3",13,"Feature5","x9",0.0983135518344614,NA
"S3",13,"Feature6","x4",0.0738521269048154,NA
"S3",13,"Feature7","x4*x3",0.0440411252999562,NA
"S4",13,"Feature1","troot(x4*x4)",1,NA
"S4",13,"Feature2","x4*x2",1,NA
"S4",13,"Feature3","x10",0.186325890630376,NA
"S5",13,"Feature1","x4",0.99999999999787,NA
"S5",13,"Feature2","x4*p0(x4)",0.999687374617296,NA
"S5",13,"Feature3","x7*x4",0.999687374617259,NA
"S5",13,"Feature4","x7",0.164044740889747,NA
"S5",13,"Feature5","x9",0.0795879319479926,NA
"S6",13,"Feature1","troot((x4*x4)*x7)",1,NA
"S6",13,"Feature2","x2",0.256002017223996,NA
"S6",13,"Feature3","x4",0.156626956015808,NA
"S6",13,"Feature4","x1",0.00263013136052455,NA
"S1",14,"Feature1","troot(x4*x4)",1,NA
"S1",14,"Feature2","x2*x4",0.971852465252684,NA
"S1",14,"Feature3","x8",0.0717180779008267,NA
"S1",14,"Feature4","x8*x4",0.0281615920294136,NA
"S1",14,"Feature5","x4",0.0207835930979237,NA
"S1",14,"Feature6","troot(x4)",0.00309013084324173,NA
"S2",14,"Feature1","troot((x4*x4)*x6)",1,NA
"S2",14,"Feature2","x2",0.342022068821217,NA
"S2",14,"Feature3","x6",0.13904309506057,NA
"S2",14,"Feature4","x4",0.0609876491505808,NA
"S2",14,"Feature5","x8",0.0465648283551366,NA
"S3",14,"Feature1","troot((x4*x6)*x4)",0.999999999999988,NA
"S3",14,"Feature2","x10",0.30677479709246,NA
"S3",14,"Feature3","x4",0.103502993613845,NA
"S4",14,"Feature1","troot(x4*x4)",1,NA
"S4",14,"Feature2","x2*x4",0.999999993003101,NA
"S4",14,"Feature3","x4",0.0846122241442482,NA
"S5",14,"Feature1","troot(x4*x4)",0.999999805369179,NA
"S5",14,"Feature2","x4*x6",0.999997963323921,NA
"S5",14,"Feature3","x4",0.999997583944569,NA
"S5",14,"Feature4","x6",0.266194272725779,NA
"S5",14,"Feature5","x2",0.175299721829054,NA
"S5",14,"Feature6","x1",0.0597684175356609,NA
"S5",14,"Feature7","x4*x4",0.0058503835992345,NA
"S1",15,"Feature1","troot((x6*x4)*x4)",1,NA
"S1",15,"Feature2","x2",0.331735963065171,NA
"S1",15,"Feature3","x4",0.0992838704772593,NA
"S1",15,"Feature4","x9",0.0441364138678226,NA
"S1",15,"Feature5","x6",0.0094249619894904,NA
"S2",15,"Feature1","troot(x4*(x6*x4))",1,NA
"S2",15,"Feature2","x4",0.112051115221753,NA
"S2",15,"Feature3","x7",0.0136980204366547,NA
"S2",15,"Feature4","troot(x4)",0.00102087798974778,NA
"S3",15,"Feature1","troot(x7)*troot(x4*x4)",0.658402497172048,NA
"S3",15,"Feature2","x4*x3",0.341994588480767,NA
"S3",15,"Feature3","troot(x4*x4)",0.341599537130266,NA
"S3",15,"Feature4","x10",0.143388061113608,NA
"S3",15,"Feature5","exp_dbl(x10)",0.00356324245993341,NA
"S4",15,"Feature1","x4*x2",0.999998074670712,NA
"S4",15,"Feature2","troot(x4*x4)",0.999726269011372,NA
"S4",15,"Feature3","x6",0.231624003743077,NA
"S4",15,"Feature4","x2",0.188449824721135,NA
"S4",15,"Feature5","x7",0.10963583984409,NA
"S4",15,"Feature6","x4",0.0641137655000265,NA
"S4",15,"Feature7","x5",0.0110414783398677,NA
"S4",15,"Feature8","x9",0.00256236704179752,NA
"S5",15,"Feature1","troot(x4*(x4*x7))",0.999999999857279,NA
"S5",15,"Feature2","x4",0.131840263439261,NA
"S5",15,"Feature3","x7",0.0813794658110333,NA
"S5",15,"Feature4","x9",0.0651433211959918,NA
"S5",15,"Feature5","x1",0.0529932886186516,NA
"S5",15,"Feature6","p3(x4)",0.00168626141550994,NA
"S6",15,"Feature1","x4",0.99998040688683,NA
"S6",15,"Feature2","x10*x4",0.999869629391111,NA
"S6",15,"Feature3","troot(x4)*x4",0.999866000281606,NA
"S6",15,"Feature4","x10",0.153969988307512,NA
"S1",16,"Feature1","troot(x4*x4)",1,NA
"S1",16,"Feature2","x2*x4",0.98272961747452,NA
"S1",16,"Feature3","x7",0.156432355561583,NA
"S1",16,"Feature4","x4",0.100970058713474,NA
"S1",16,"Feature5","x8",0.0594112230600868,NA
"S1",16,"Feature6","x7*x4",0.0178380941031504,NA
"S1",16,"Feature7","troot(x4)",0.00241587008075288,NA
"S2",16,"Feature1","troot(x4*(x7*x4))",0.999999999668395,NA
"S2",16,"Feature2","x4",0.148708669138827,NA
"S2",16,"Feature3","x5",0.0792606539270007,NA
"S3",16,"Feature1","x4",1,NA
"S3",16,"Feature2","x4*troot(x4)",1,NA
"S3",16,"Feature3","x4*x10",0.990507663201699,NA
"S3",16,"Feature4","x10",0.16269732481301,NA
"S3",16,"Feature5","x8",0.0126387235060633,NA
"S3",16,"Feature6","(x4*x10)*x7",0.00949297116068834,NA
"S4",16,"Feature1","x4*troot(x4)",1,NA
"S4",16,"Feature2","x4",1,NA
"S4",16,"Feature3","x4*x10",0.992650038028797,NA
"S4",16,"Feature4","x2",0.198098815243247,NA
"S4",16,"Feature5","x10",0.122168056430079,NA
"S4",16,"Feature6","x6*(x4*x10)",0.00735518833455828,NA
"S5",16,"Feature1","x4*x2",0.999956936271311,NA
"S5",16,"Feature2","troot(x4*x4)",0.999844631211445,NA
"S5",16,"Feature3","x2",0.195248397122085,NA
"S6",16,"Feature1","x4",1,NA
"S6",16,"Feature2","x4*troot(x4)",0.999999999359133,NA
"S6",16,"Feature3","x4*x10",0.999992266785954,NA
"S1",17,"Feature1","troot(x4*(x4*x7))",1,NA
"S1",17,"Feature2","x7",0.0915281066863159,NA
"S1",17,"Feature3","x9",0.0708697685035106,NA
"S2",17,"Feature1","troot(x4*(x7*x4))",0.582732697099447,NA
"S2",17,"Feature2","troot(x4*(x6*x4))",0.417267314745768,NA
"S2",17,"Feature3","x6",0.0807961584914359,NA
"S3",17,"Feature1","troot(x4)*troot(x4)",1,NA
"S3",17,"Feature2","x3*x4",0.694766138894149,NA
"S3",17,"Feature3","x4",0.391647369901012,NA
"S3",17,"Feature4","x6*x4",0.305716930269475,NA
"S3",17,"Feature5","x6",0.211213990896559,NA
"S3",17,"Feature6","x3",0.0376326899659119,NA
"S4",17,"Feature1","troot(x4*x4)",1,NA
"S4",17,"Feature2","x2*x4",0.999999991282836,NA
"S4",17,"Feature3","x7",0.150454533794245,NA
"S4",17,"Feature4","x3",0.096706875015436,NA
"S6",17,"Feature1","troot(x4*x4)",1,NA
"S6",17,"Feature2","x4*x3",0.683723598558761,NA
"S6",17,"Feature3","x4",0.325754378419748,NA
"S6",17,"Feature4","x4*x8",0.316276454627383,NA
"S6",17,"Feature5","x9",0.0553535806263953,NA
"S1",18,"Feature1","troot((x4*x6)*x4)",0.999561612291137,NA
"S1",18,"Feature2","x6",0.110909417308729,NA
"S1",18,"Feature3","x4",0.0890326413731869,NA
"S2",18,"Feature1","troot((x4*x6)*x4)",1,NA
"S2",18,"Feature2","x4",0.0816798413701254,NA
"S2",18,"Feature3","x1",0.0721059695155693,NA
"S2",18,"Feature4","x5",0.0689589727856464,NA
"S2",18,"Feature5","x8",0.064451317607098,NA
"S2",18,"Feature6","x9",0.063234334476016,NA
"S3",18,"Feature1","troot((x7*x4)*x4)",1,NA
"S3",18,"Feature2","x4",0.162116533514185,NA
"S3",18,"Feature3","x7",0.0995982734130308,NA
"S3",18,"Feature4","x5",0.0941233964121702,NA
"S4",18,"Feature1","x4",1,NA
"S4",18,"Feature2","sin_deg(x2*x8)",0.999999999999999,NA
"S4",18,"Feature3","x2*x8",0.999999999999999,NA
"S4",18,"Feature4","(x2*x8)*(x2*x8)",0.999999999999981,NA
"S4",18,"Feature5","p0(x2*x8)",0.992631192492778,NA
"S4",18,"Feature6","x2*x4",0.992096582569034,NA
"S4",18,"Feature7","x10",0.874520762390901,NA
"S4",18,"Feature8","x8",0.272850186552631,NA
"S4",18,"Feature9","x3",0.153554651110159,NA
"S4",18,"Feature10","sigmoid(x2)",0.0490466063131109,NA
"S4",18,"Feature11","x2",0.033300928523219,NA
"S4",18,"Feature12","x4*(x2*x8)",0.00951546154944843,NA
"S5",18,"Feature1","x4",1,NA
"S5",18,"Feature2","x4*x4",1,NA
"S5",18,"Feature3","x10*x4",0.999999947547487,NA
"S5",18,"Feature4","troot(x4)",0.999962705205189,NA
"S5",18,"Feature5","x10",0.28098841440111,NA
"S5",18,"Feature6","x5",0.132207837705886,NA
"S6",18,"Feature1","troot(x4*x4)",1,NA
"S6",18,"Feature2","x4*x2",0.999999785633071,NA
"S1",19,"Feature1","troot(x4*(x4*x7))",0.919347432809168,NA
"S1",19,"Feature2","x2",0.25360798887816,NA
"S1",19,"Feature3","x4*x2",0.0808044486024062,NA
"S1",19,"Feature4","troot(x4*x4)",0.0806550409143493,NA
"S1",19,"Feature5","x4",0.00568041648631053,NA
"S2",19,"Feature1","troot(x4*(x4*x7))",0.999999998959623,NA
"S2",19,"Feature2","x4",0.161464946276648,NA
"S3",19,"Feature1","troot((x4*x7)*x4)",0.999999716459034,NA
"S3",19,"Feature2","x4",0.130989450796466,NA
"S3",19,"Feature3","x6",0.11132779235521,NA
"S3",19,"Feature4","x5",0.0702994174234044,NA
"S3",19,"Feature5","p0(x4)",0.0235789994684596,NA
"S3",19,"Feature6","sin_deg(x2)",0.00173364691825971,NA
"S4",19,"Feature1","troot((x7*x4)*x4)",1,NA
"S4",19,"Feature2","x3",0.130872342722932,NA
"S4",19,"Feature3","x4",0.0199209768965874,NA
"S5",19,"Feature1","troot(x7*(x4*x4))",0.999999979328807,NA
"S5",19,"Feature2","x4",0.147752468029888,NA
"S5",19,"Feature3","x7",0.0835481014960663,NA
"S5",19,"Feature4","troot(x4)",0.00470597590645692,NA
"S6",19,"Feature1","troot(x4*(x4*x6))",1,NA
"S6",19,"Feature2","x6",0.0950810151168142,NA
"S6",19,"Feature3","x4",0.0835974508607183,NA
"S6",19,"Feature4","x5",0.0725841952350608,NA
"S6",19,"Feature5","x3",0.0696054005811246,NA
"S1",20,"Feature1","troot(x7*(x4*x4))",0.926175136559708,NA
"S1",20,"Feature2","x3",0.112285549788793,NA
"S1",20,"Feature3","x7",0.0901960852698813,NA
"S1",20,"Feature4","troot(x4*x4)",0.0738273205684292,NA
"S1",20,"Feature5","x2*x4",0.0738261391300343,NA
"S1",20,"Feature6","x2*x3",0.00213228555364562,NA
"S1",20,"Feature7","x5",0.00109837850595477,NA
"S2",20,"Feature1","troot((x7*x4)*x4)",1,NA
"S2",20,"Feature2","x2",0.228082331978764,NA
"S2",20,"Feature3","x4",0.124626213610356,NA
"S3",20,"Feature1","troot(x4*x4)",0.999663711978467,NA
"S3",20,"Feature2","x4*x2",0.992472808548562,NA
"S3",20,"Feature3","x4",0.0849965126784429,NA
"S3",20,"Feature4","x8*(x4*x2)",0.00752716713802179,NA
"S4",20,"Feature1","troot((x4*x6)*x4)",0.999999999999999,NA
"S4",20,"Feature2","x2",0.40472939241212,NA
"S4",20,"Feature3","x6",0.0802492338740399,NA
"S4",20,"Feature4","x1",0.0660062192638913,NA
"S4",20,"Feature5","x2*x9",0.0023399184916305,NA
"S5",20,"Feature1","troot(x9*(x4*x4))",1,NA
"S5",20,"Feature2","x4*x3",0.613129463063408,NA
"S5",20,"Feature3","x4",0.282671239651425,NA
"S5",20,"Feature4","p0(x8)",0.232460482148976,NA
"S5",20,"Feature5","x3",0.112674853676666,NA
"S6",20,"Feature1","troot(x7)*troot(x4*x4)",0.999391065620132,NA
"S6",20,"Feature2","x2",0.253450191690267,NA
"S6",20,"Feature3","x3",0.118060530679347,NA
"S6",20,"Feature4","x7",0.0659967727445332,NA
"S1",21,"Feature1","x4*x2",0.997938395591517,NA
"S1",21,"Feature2","troot(x4*x4)",0.984918275059984,NA
"S1",21,"Feature3","x4",0.0866478243354536,NA
"S1",21,"Feature4","troot((x9*x4)*x4)",0.0151219761586552,NA
"S1",21,"Feature5","x9*x4",0.00110154418109142,NA
"S2",21,"Feature1","troot(x4*(x7*x4))",0.999999998959038,NA
"S2",21,"Feature2","x4",0.161560924927743,NA
"S3",21,"Feature1","x4",0.999999999999998,NA
"S3",21,"Feature2","x4*x10",0.99998634535278,NA
"S3",21,"Feature3","troot(x4)*x4",0.987605721800849,NA
"S3",21,"Feature4","troot(x4)",0.0135552480345238,NA
"S3",21,"Feature5","x4*x4",0.0124079208758921,NA
"S4",21,"Feature1","troot(x6*(x4*x4))",1,NA
"S4",21,"Feature2","x4",0.093346526221384,NA
"S4",21,"Feature3","x1",0.0652135568960738,NA
"S5",21,"Feature1","x4",1,NA
"S5",21,"Feature2","x4*x10",1,NA
"S5",21,"Feature3","x4*troot(x4)",0.999992575777232,NA
"S5",21,"Feature4","x6",0.20566777232241,NA
"S5",21,"Feature5","x8",0.074693065246593,NA
"S6",21,"Feature1","troot(x6*(x4*x4))",1,NA
"S6",21,"Feature2","x2",0.39781998363306,NA
"S6",21,"Feature3","x7",0.067640487481205,NA
"S6",21,"Feature4","exp_dbl(x4)",0.00226058511719105,NA
"S1",22,"Feature1","x4*x2",0.923937958172739,NA
"S1",22,"Feature2","troot(x4*x4)",0.923937366463462,NA
"S1",22,"Feature3","x4",0.154323243628983,NA
"S1",22,"Feature4","x4*troot(x4)",0.0760630137603926,NA
"S1",22,"Feature5","x4*x10",0.0760625930552214,NA
"S1",22,"Feature6","x2",0.0160203533208623,NA
"S1",22,"Feature7","x9",0.00548523151230562,NA
"S2",22,"Feature1","troot((x6*x4)*x4)",0.997959651442916,NA
"S2",22,"Feature2","x4",0.00211552875432642,NA
"S2",22,"Feature3","troot(x4*x4)",0.00204507970570979,NA
"S2",22,"Feature4","x6*x4",0.00204077779329218,NA
"S3",22,"Feature1","x4",0.999999985579351,NA
"S3",22,"Feature2","x4*x10",0.999970956286332,NA
"S3",22,"Feature3","x4*troot(x4)",0.999784302762629,NA
"S3",22,"Feature4","x6",0.203793472251339,NA
"S3",22,"Feature5","troot(x4)",0.00152439804253025,NA
"S3",22,"Feature6","x6*x4",0.00137219867812842,NA
"S5",22,"Feature1","x4*x2",0.999999999547077,NA
"S5",22,"Feature2","troot(x4)*troot(x4)",0.999999999547064,NA
"S6",22,"Feature1","troot(x4)*troot(x4)",1,NA
"S6",22,"Feature2","x2*x4",0.99999935581127,NA
"S6",22,"Feature3","x6",0.211721205670481,NA
"S6",22,"Feature4","x4",0.0666668412438491,NA
"S6",22,"Feature5","exp_dbl(x4)",0.00176624365459146,NA
"S1",23,"Feature1","troot(x4)*troot(x4)",1,NA
"S1",23,"Feature2","x4*x2",0.953898682271874,NA
"S1",23,"Feature3","x4",0.0880806441220796,NA
"S1",23,"Feature4","x4*x3",0.0461816148114024,NA
"S2",23,"Feature1","troot((x4*x7)*x4)",0.998115527959034,NA
"S2",23,"Feature2","x4",0.00196184413186909,NA
"S2",23,"Feature3","x4*x7",0.00188447620178408,NA
"S2",23,"Feature4","troot(x4*x4)",0.00188447206888701,NA
"S2",23,"Feature5","x4*x9",0.00111603191043374,NA
"S3",23,"Feature1","troot(x4*x4)",1,NA
"S3",23,"Feature2","x4*x2",0.981337862082565,NA
"S3",23,"Feature3","x6",0.200370712971189,NA
"S3",23,"Feature4","x2",0.16250186472218,NA
"S3",23,"Feature5","x4",0.10904577435472,NA
"S3",23,"Feature6","x4*x6",0.0192755611280981,NA
"S3",23,"Feature7","exp_dbl(x4)",0.00111604517357567,NA
"S4",23,"Feature1","troot(x4*x4)",0.999999999995109,NA
"S4",23,"Feature2","x4*x2",0.999964716604941,NA
"S4",23,"Feature3","x2",0.16589176113372,NA
"S4",23,"Feature4","x3",0.0887570869027728,NA
"S4",23,"Feature5","x4",0.0832385192777213,NA
"S4",23,"Feature6","x8",0.0534095882043105,NA
"S5",23,"Feature1","troot((x6*x4)*x4)",0.999934638309967,NA
"S5",23,"Feature2","x6",0.109470881882631,NA
"S5",23,"Feature3","x7",0.106482402332599,NA
"S5",23,"Feature4","x4",0.100900938801967,NA
"S6",23,"Feature1","troot(x4*x4)",1,NA
"S6",23,"Feature2","x2*x4",0.999999999999994,NA
"S6",23,"Feature3","x7",0.16659824440058,NA
"S6",23,"Feature4","p3(x4)",0.0012044758182013,NA
"S1",24,"Feature1","x4*p0(x4)",1,NA
"S1",24,"Feature2","x4",1,NA
"S1",24,"Feature3","x4*p0(x10)",0.99944079217721,NA
"S1",24,"Feature4","exp_dbl(x2)",0.00105902793940126,NA
"S2",24,"Feature1","troot(x4*(x4*x7))",1,NA
"S2",24,"Feature2","x10",0.218849037135071,NA
"S2",24,"Feature3","troot(x4)",0.00572520712139309,NA
"S3",24,"Feature1","x4*x2",0.99999999993382,NA
"S3",24,"Feature2","troot(x4)*troot(x4)",0.999991460524473,NA
"S3",24,"Feature3","x2",0.181509714590773,NA
"S3",24,"Feature4","x4",0.0694056494071464,NA
"S3",24,"Feature5","troot(x4)",0.00128073682864186,NA
"S4",24,"Feature1","troot(x4*x4)",0.986171128667256,NA
"S4",24,"Feature2","x2*x4",0.981867874075162,NA
"S4",24,"Feature3","x4",0.106087337931093,NA
"S4",24,"Feature4","x5",0.092422408790136,NA
"S4",24,"Feature5","x4*x7",0.0173402553138474,NA
"S4",24,"Feature6","troot((x4*x4)*x9)",0.0138594017906236,NA
"S4",24,"Feature7","x1",0.0123718036709922,NA
"S4",24,"Feature8","p0(x4)",0.00100977318918381,NA
"S6",24,"Feature1","troot(x4*(x4*x6))",1,NA
"S6",24,"Feature2","x4",0.0919780641568156,NA
"S6",24,"Feature3","x5",0.0786783619416016,NA
"S1",25,"Feature1","x4",1,NA
"S1",25,"Feature2","x10*x4",0.999999999999821,NA
"S1",25,"Feature3","troot(x4)*x4",0.999804122624199,NA
"S1",25,"Feature4","x3*x4",0.00140289995563377,NA
"S2",25,"Feature1","troot(x4*(x4*x6))",1,NA
"S2",25,"Feature2","x4",0.0999413664539598,NA
"S3",25,"Feature1","troot(x4*x4)",1,NA
"S3",25,"Feature2","x2*x4",0.949915202005164,NA
"S3",25,"Feature3","x3*x4",0.0512085563606225,NA
"S3",25,"Feature4","x4",0.00783242087486793,NA
"S3",25,"Feature5","troot(x10)",0.00256629997839506,NA
"S4",25,"Feature1","troot(x4*(x6*x4))",1,NA
"S4",25,"Feature2","x6",0.122206377121397,NA
"S4",25,"Feature3","x4",0.101008769961785,NA
"S4",25,"Feature4","p0(x4)",0.00348749730687559,NA
"S5",25,"Feature1","troot(x4*x4)",0.998028989455196,NA
"S5",25,"Feature2","x2*x4",0.996639569999694,NA
"S5",25,"Feature3","x4",0.0892309269872726,NA
"S5",25,"Feature4","x10*x4",0.00532387312299312,NA
"S5",25,"Feature5","p0(x4)",0.00420212521379721,NA
"S5",25,"Feature6","x4*x4",0.0033547005643192,NA
"S5",25,"Feature7","x4*p0(x4)",0.00197422883136496,NA
"S5",25,"Feature8","p0(x6)",0.00129115488586302,NA
"S6",25,"Feature1","troot(x4*(x4*x7))",1,NA
"S6",25,"Feature2","x4",0.155052201921469,NA
"S6",25,"Feature3","x6",0.133655866777572,NA
"S6",25,"Feature4","x9",0.0573859070006644,NA
"S1",26,"Feature1","troot(x4*(x4*x7))",0.546007444918931,NA
"S1",26,"Feature2","troot(x4*(x4*x6))",0.453992566267588,NA
"S1",26,"Feature3","troot(x8)",0.00108513264091872,NA
"S2",26,"Feature1","troot((x4*x7)*x4)",1,NA
"S2",26,"Feature2","x10",0.226565874532323,NA
"S2",26,"Feature3","x4",0.147168659660047,NA
"S2",26,"Feature4","x7",0.0792774311552772,NA
"S2",26,"Feature5","x1",0.0588781361866752,NA
"S3",26,"Feature1","troot(x4*x4)",1,NA
"S3",26,"Feature2","x8*x4",0.999999999053038,NA
"S3",26,"Feature3","x4",0.716295604614134,NA
"S3",26,"Feature4","x2",0.139046322424878,NA
"S3",26,"Feature5","x4*x4",0.0338854815939177,NA
"S4",26,"Feature1","troot(x4*x4)",1,NA
"S4",26,"Feature2","x2*x4",0.974173360855168,NA
"S4",26,"Feature3","x4*x8",0.025827063762839,NA
"S4",26,"Feature4","x4",0.0187183604868265,NA
"S4",26,"Feature5","sigmoid(x4)",0.00133187396807501,NA
"S5",26,"Feature1","troot(x4*x4)",1,NA
"S5",26,"Feature2","x4*x3",0.665408584532736,NA
"S5",26,"Feature3","x4",0.344695527810344,NA
"S5",26,"Feature4","x4*x8",0.33457997811312,NA
"S6",26,"Feature1","troot(x4*x4)",0.980983027911304,NA
"S6",26,"Feature2","x3*x4",0.759540653038487,NA
"S6",26,"Feature3","x4",0.356937458169023,NA
"S6",26,"Feature4","x7*x4",0.239808006404442,NA
"S6",26,"Feature5","x10",0.114760681737736,NA
"S6",26,"Feature6","x1",0.0547474315056939,NA
"S6",26,"Feature7","troot(x4*x4)*x9",0.019701589851786,NA
"S6",26,"Feature8","x8",0.008296871391832,NA
"S6",26,"Feature9","x4*x4",0.00469276299694893,NA
"S1",27,"Feature1","x4",0.999999999999996,NA
"S1",27,"Feature2","x10*x4",0.999999999411901,NA
"S1",27,"Feature3","x4*troot(x4)",0.999635452974131,NA
"S1",27,"Feature4","troot(x4)",0.0015382492203741,NA
"S1",27,"Feature5","exp_dbl(x10)",0.00120925439161735,NA
"S2",27,"Feature1","troot(x4*(x4*x6))",1,NA
"S2",27,"Feature2","x10",0.383608184552091,NA
"S2",27,"Feature3","x8",0.0746438745756667,NA
"S2",27,"Feature4","x7",0.0448042087446101,NA
"S2",27,"Feature5","x4",0.0389023345102493,NA
"S2",27,"Feature6","x6",0.0357614388698329,NA
"S3",27,"Feature1","troot(x4*x4)",0.999999718447207,NA
"S3",27,"Feature2","x2*x4",0.960453214877102,NA
"S3",27,"Feature3","x10",0.188537911938449,NA
"S3",27,"Feature4","x4",0.0396063521149866,NA
"S3",27,"Feature5","x6*x4",0.0198111241312409,NA
"S3",27,"Feature6","x4*x9",0.0197977923428054,NA
"S4",27,"Feature1","troot(x4*x4)",1,NA
"S4",27,"Feature2","x2*x4",0.960248598885453,NA
"S4",27,"Feature3","x5",0.083272611231717,NA
"S4",27,"Feature4","x8",0.0630259303934958,NA
"S4",27,"Feature5","x4*x3",0.0407171489084289,NA
"S5",27,"Feature1","troot(x4*x4)",0.999982338645085,NA
"S5",27,"Feature2","x2*x4",0.983422950312013,NA
"S5",27,"Feature3","x7",0.143393678895124,NA
"S5",27,"Feature4","x9",0.085018658460328,NA
"S5",27,"Feature5","x1",0.0659703695346485,NA
"S5",27,"Feature6","x4",0.0218366664692318,NA
"S5",27,"Feature7","x6*x4",0.0171537909758421,NA
"S5",27,"Feature8","x8",0.00659767327585686,NA
"S6",27,"Feature1","troot(x4*(x4*x7))",1,NA
"S6",27,"Feature2","x6",0.164520133475859,NA
"S6",27,"Feature3","x4",0.0300786425884999,NA
"S1",28,"Feature1","troot((x4*x6)*x4)",0.999999993784295,NA
"S1",28,"Feature2","x6",0.10004282934703,NA
"S1",28,"Feature3","x7",0.0975661121619823,NA
"S1",28,"Feature4","x4",0.0798347103701364,NA
"S1",28,"Feature5","p0(x4)",0.00334136075144329,NA
"S2",28,"Feature1","troot(x4*x4)",1,NA
"S2",28,"Feature2","x2*x4",0.997186822156082,NA
"S2",28,"Feature3","x6",0.230678504906143,NA
"S2",28,"Feature4","x4",0.0881658013910481,NA
"S2",28,"Feature5","x7*(x2*x4)",0.00284567971761655,NA
"S2",28,"Feature6","p3(x7)",0.00107969920719282,NA
"S3",28,"Feature1","x4",0.999999999999743,NA
"S3",28,"Feature2","x4*troot(x4)",0.99674522744644,NA
"S3",28,"Feature3","x4*x10",0.989928002479028,NA
"S3",28,"Feature4","x3",0.070636235891406,NA
"S3",28,"Feature5","x9*(x4*x10)",0.0080109527574254,NA
"S3",28,"Feature6","x4*x9",0.00653176374323627,NA
"S3",28,"Feature7","x4*x4",0.00624981837360232,NA
"S4",28,"Feature1","troot(x4*x4)",0.999999715721495,NA
"S4",28,"Feature2","x2*x4",0.999999715721284,NA
"S4",28,"Feature3","x4",0.0844913005735749,NA
"S4",28,"Feature4","sigmoid(x4)",0.00114903931430811,NA
"S5",28,"Feature1","troot(x4*x4)",1,NA
"S5",28,"Feature2","x4*x8",0.999619792371222,NA
"S5",28,"Feature3","x4",0.670733448191218,NA
"S5",28,"Feature4","p3(x4)",0.0358982553181381,NA
"S5",28,"Feature5","x4*x4",0.0329855107670717,NA
"S1",29,"Feature1","troot((x6*x4)*x4)",0.999999885015394,NA
"S1",29,"Feature2","x4",0.0998357075837909,NA
"S2",29,"Feature1","troot(x4*(x6*x4))",0.999999986554194,NA
"S2",29,"Feature2","x4",0.0998173323548727,NA
"S4",29,"Feature1","troot(x4*(x4*x7))",1,NA
"S4",29,"Feature2","x4",0.131622263136558,NA
"S4",29,"Feature3","x6",0.10993392163953,NA
"S4",29,"Feature4","x7",0.0746292868923447,NA
"S5",29,"Feature1","x4",0.999975095774321,NA
"S5",29,"Feature2","x4*x4",0.992988439521238,NA
"S5",29,"Feature3","x4*x10",0.991366766623783,NA
"S5",29,"Feature4","x9*x4",0.858844250897202,NA
"S5",29,"Feature5","x2",0.301769138717355,NA
"S5",29,"Feature6","x10",0.122942216053866,NA
"S5",29,"Feature7","x4*x3",0.0775804680747987,NA
"S5",29,"Feature8","p3(x4)",0.0758077055580345,NA
"S5",29,"Feature9","x4*p0(x3*x4)",0.00823255962233126,NA
"S5",29,"Feature10","x8*(x9*x4)",0.00498123500759865,NA
"S6",29,"Feature1","troot(x4*x4)",1,NA
"S6",29,"Feature2","x4*x2",0.993366350083667,NA
"S6",29,"Feature3","x6",0.163851226001219,NA
"S6",29,"Feature4","x7",0.13272945341455,NA
"S6",29,"Feature5","x9",0.0745392061092661,NA
"S6",29,"Feature6","x4",0.068113785173805,NA
"S6",29,"Feature7","x8",0.0436150899661742,NA
"S6",29,"Feature8","x6*(x4*x2)",0.0066960132546463,NA
"S1",30,"Feature1","x4*troot(x4)",1,NA
"S1",30,"Feature2","x4",1,NA
"S1",30,"Feature3","x4*x10",0.999999998008547,NA
"S1",30,"Feature4","x10",0.154194242106303,NA
"S1",30,"Feature5","sin_deg(x4)",0.00482696397044429,NA
"S2",30,"Feature1","x4*x2",1,NA
"S2",30,"Feature2","troot(x4*x4)",0.999999999999896,NA
"S2",30,"Feature3","x3",0.0973568632434873,NA
"S2",30,"Feature4","x5",0.0742277871949113,NA
"S2",30,"Feature5","x4",0.0701335568829052,NA
"S3",30,"Feature1","x4",1,NA
"S3",30,"Feature2","x10*x4",1,NA
"S3",30,"Feature3","troot(x4)*x4",0.99995359981471,NA
"S3",30,"Feature4","x10",0.154184033492421,NA
"S3",30,"Feature5","p3(x6)",0.00116045261168106,NA
"S4",30,"Feature1","troot(x7*(x4*x4))",0.999999999441374,NA
"S4",30,"Feature2","x10",0.168955409815951,NA
"S4",30,"Feature3","x4",0.116345870896921,NA
"S4",30,"Feature4","x5",0.0620301778595129,NA
"S4",30,"Feature5","x1",0.0471853902880682,NA
"S5",30,"Feature1","troot(x4*x4)",1,NA
"S5",30,"Feature2","x2*x4",0.999875279364329,NA
"S5",30,"Feature3","x10",0.173335357468658,NA
"S5",30,"Feature4","x4",0.0701263736951482,NA
"S6",30,"Feature1","troot(x6*(x4*x4))",1,NA
"S6",30,"Feature2","x7",0.114001905748054,NA
"S6",30,"Feature3","x6",0.109351170447064,NA
"S6",30,"Feature4","x4",0.093478713184103,NA
"S6",30,"Feature5","x3",0.0734814474017091,NA
"S1",31,"Feature1","troot(x4*x4)",0.999999962866806,NA
"S1",31,"Feature2","x4*x2",0.969381296942427,NA
"S1",31,"Feature3","x7",0.161402587438265,NA
"S1",31,"Feature4","x4",0.10953112117587,NA
"S1",31,"Feature5","x8*x4",0.0250475030301353,NA
"S1",31,"Feature6","x9",0.0110207216164997,NA
"S1",31,"Feature7","(x8*x4)*x2",0.00557155992539949,NA
"S1",31,"Feature8","x5",0.00294385217583069,NA
"S1",31,"Feature9","troot(x4)",0.0012136533832149,NA
"S2",31,"Feature1","troot(x4*(x4*x7))",0.999999934207138,NA
"S2",31,"Feature2","x5",0.092881130491193,NA
"S2",31,"Feature3","x2*x9",0.00157270813322032,NA
"S3",31,"Feature1","troot(x4*x4)",1,NA
"S3",31,"Feature2","x4*x2",0.985368244031267,NA
"S3",31,"Feature3","x7",0.152287351250432,NA
"S3",31,"Feature4","x4",0.0851962602989633,NA
"S3",31,"Feature5","x9*x4",0.0146317518570246,NA
"S4",31,"Feature1","troot((x7*x4)*x4)",1,NA
"S4",31,"Feature2","x4",0.135457949630558,NA
"S4",31,"Feature3","x3",0.0897884727944165,NA
"S4",31,"Feature4","x5",0.0721811895863925,NA
"S5",31,"Feature1","troot(x4*x4)",0.999842114821792,NA
"S5",31,"Feature2","x4*x2",0.979231395914867,NA
"S5",31,"Feature3","x4",0.103523503862665,NA
"S5",31,"Feature4","x7*x4",0.0180240417171988,NA
"S5",31,"Feature5","x4*x4",0.00429955611206033,NA
"S5",31,"Feature6","x4*x10",0.00411345056644982,NA
"S6",31,"Feature1","troot(x4*x4)",1,NA
"S6",31,"Feature2","x2*x4",0.999999377211508,NA
"S4",32,"Feature2","x2*x4",NA,0.982607409415272
"S4",32,"Feature3","x4",NA,0.100633756680082
"S4",32,"Feature4","x5",NA,0.0892504291746703
"S4",32,"Feature5","x4*x6",NA,0.0179087434483708
"S5",32,"Feature1","troot(x4*x4)",NA,0.999994805032588
"S5",32,"Feature2","x4",NA,0.999374371671173
"S5",32,"Feature3","x4*x9",NA,0.839862507379332
"S5",32,"Feature4","x4*x4",NA,0.166584207015835
"S5",32,"Feature5","x10*x4",NA,0.163091295976507
"S6",32,"Feature1","x4",NA,1
"S6",32,"Feature2","x10*x4",NA,0.999999999410585
"S6",32,"Feature3","x4*troot(x4)",NA,0.999999976052129
"S5",33,"Feature1","x4*p0(x4)",0.99999999999335,NA
"S5",33,"Feature2","x4",0.995569399898975,NA
"S5",33,"Feature3","x7*x4",0.404863508793073,NA
"S5",33,"Feature4","x8*x4",0.370921405683705,NA
"S5",33,"Feature5","x7",0.293738187344051,NA
"S5",33,"Feature6","p3(x4)",0.282445835191288,NA
"S5",33,"Feature7","x2",0.264878880459042,NA
"S5",33,"Feature8","x4*x6",0.228993755528932,NA
"S5",33,"Feature9","x4*x3",0.164696207851784,NA
